case_ref,case_level,status,raised_date,approved_date,implemented_date,target_cycle
CAS-10957985-F0Y5,ORG,Implemented,2026-06-26,2026-06-29,2026-07-21,1H27
CAS-11168459-V0N5,ORG,Implemented,2026-05-27,2026-05-29,2026-06-23,1H27
CAS-11089379-N7G4,ORG,Implemented,2026-04-26,2026-05-06,2026-06-02,1H27
CAS-10967823-N2V4,ORG,Implemented,2026-04-26,2026-05-01,2026-05-30,1H27
CAS-11132927-N9V8,ORG,Implemented,2026-06-05,2026-06-25,2026-07-22,1H27
CAS-10940656-U0D2,ORG,Pending BA Approval,2026-05-25,,,1H27
CAS-10577663-N7G6,ORG,Implemented,2026-03-14,2026-03-27,2026-04-12,1H27
CAS-10918259-J6Z6,ORG,Pending BA Approval,2026-07-10,,,1H27
CAS-10939584-D7Z0,ORG,Submitted,2026-06-02,2026-06-14,,1H27
CAS-10543325-Q2D2,ORG,Pending BA Approval,2026-04-08,,,1H27
CAS-10960266-Q5W7,ORG,Submitted,2026-04-08,2026-04-26,,1H27
CAS-11188645-Q8M8,ORG,Pending BA Approval,2026-06-20,,,1H27
CAS-11055540-T1K3,ORG,Implemented,2026-07-30,2026-08-16,2026-08-20,1H27
CAS-10964637-B8G2,ORG,Implemented,2026-06-29,2026-07-17,2026-08-04,1H27
CAS-11094715-D9A2,ORG,Implemented,2026-05-22,2026-06-09,2026-06-20,1H27
CAS-10727400-Y6G0,ORG,BA Approved,2026-06-01,2026-06-12,,1H27
CAS-11100036-A8H0,ORG,Implemented,2026-07-13,2026-07-21,2026-08-12,1H27
CAS-10686147-Q2L3,ORG,Implemented,2026-03-20,2026-03-26,2026-04-01,1H27
CAS-11176721-M5X9,ORG,Implemented,2026-03-22,2026-04-14,2026-04-21,1H27
CAS-11110219-N0S6,ORG,Submitted,2026-07-11,2026-07-24,,1H27
CAS-11164235-W7J4,ORG,Implemented,2026-03-07,2026-03-31,2026-04-18,1H27
CAS-10630949-K4Z5,ORG,Implemented,2026-02-16,2026-03-03,2026-03-12,1H27
CAS-10912800-W4G7,ORG,Implemented,2026-07-23,2026-08-11,2026-08-13,1H27
CAS-11077121-A5A6,ORG,Implemented,2026-07-12,2026-08-02,2026-08-22,1H27
CAS-10950031-W0M0,ORG,Implemented,2026-08-01,2026-08-26,2026-09-20,1H27
CAS-11118414-H9G6,ORG,Submitted,2026-07-08,2026-07-29,,1H27
CAS-10833031-K0C7,ORG,Implemented,2026-04-03,2026-04-18,2026-05-12,1H27
CAS-11132806-V4T8,ORG,Implemented,2026-07-23,2026-08-08,2026-08-29,1H27
CAS-10747012-U5N6,ORG,BA Approved,2026-07-27,2026-08-13,,1H27
CAS-10552507-E5Y6,ORG,No Change,2026-02-04,,,1H27
CAS-10681576-Y4S3,ORG,Submitted,2026-03-26,2026-04-06,,1H27
CAS-10810351-C0T7,ORG,Open,2026-03-27,,,1H27
CAS-11107455-F6X1,ORG,Open,2026-02-10,,,1H27
CAS-11104273-K7F8,ORG,Implemented,2026-04-24,2026-05-09,2026-05-23,1H27
CAS-10732329-Y8D1,ORG,Implemented,2026-06-18,2026-06-21,2026-07-15,1H27
CAS-10929483-G0U8,ORG,Implemented,2026-05-14,2026-06-02,2026-06-29,1H27
CAS-10534098-C5S3,ORG,Implemented,2026-06-10,2026-07-01,2026-07-24,1H27
CAS-10560130-C9D6,ORG,Implemented,2026-02-02,2026-02-11,2026-02-13,1H27
CAS-10686790-A6D5,ORG,Implemented,2026-04-18,2026-04-21,2026-04-27,1H27
CAS-10829207-L4Q5,ORG,Implemented,2026-02-24,2026-03-08,2026-04-04,1H27
CAS-11145598-N9Z3,ORG,Implemented,2026-07-15,2026-08-08,2026-08-27,1H27
CAS-10621123-J6X8,ORG,Implemented,2026-05-06,2026-05-23,2026-06-04,1H27
CAS-10783615-K5G0,ORG,Implemented,2026-05-04,2026-05-16,2026-06-01,1H27
CAS-10896746-S8H2,ORG,Implemented,2026-04-17,2026-05-03,2026-05-09,1H27
CAS-10759387-B9S9,ORG,Implemented,2026-02-18,2026-02-23,2026-02-24,1H27
CAS-10969487-E6U3,ORG,Submitted,2026-06-23,2026-07-07,,1H27
CAS-10685671-W3Z6,ORG,Pending BA Approval,2026-05-13,,,1H27
CAS-10526641-Q7R7,ORG,Implemented,2026-04-08,2026-04-23,2026-05-21,1H27
CAS-10780028-A4M4,ORG,Submitted,2026-06-05,2026-06-19,,1H27
CAS-10628725-N8N7,ORG,Implemented,2026-04-10,2026-04-25,2026-05-17,1H27
CAS-11013254-M5F5,ORG,Implemented,2026-06-23,2026-07-16,2026-07-21,1H27
CAS-11012160-E3D4,ORG,Implemented,2026-07-26,2026-08-15,2026-08-26,1H27
CAS-11068782-R0T4,ORG,BA Approved,2026-07-18,2026-07-25,,1H27
CAS-10827085-T3Y9,ORG,Open,2026-05-26,,,1H27
CAS-11084654-C3F9,ORG,Withdrawn,2026-05-20,,,1H27
CAS-10553883-L5J4,ORG,Implemented,2026-04-11,2026-04-26,2026-05-17,1H27
CAS-10646004-C8Y9,ORG,Implemented,2026-02-22,2026-03-12,2026-04-02,1H27
CAS-10823479-Y7Q0,ORG,Implemented,2026-04-25,2026-05-20,2026-06-05,1H27
CAS-11145030-M0T8,ORG,Submitted,2026-07-16,2026-08-06,,1H27
CAS-10902075-X1Y9,ORG,Open,2026-06-15,,,1H27
CAS-10872823-N3B1,ORG,Implemented,2026-02-24,2026-03-02,2026-03-16,1H27
CAS-10933179-E4D5,ORG,Submitted,2026-02-10,2026-02-13,,1H27
CAS-10795205-U0G5,ORG,Implemented,2026-08-01,2026-08-19,2026-09-15,1H27
CAS-10815668-C8U5,ORG,Implemented,2026-06-05,2026-06-18,2026-07-10,1H27
CAS-10720032-T8L4,ORG,Submitted,2026-03-08,2026-03-14,,1H27
CAS-10606274-M4L6,ORG,Open,2026-04-25,,,1H27
CAS-10633664-T6J6,ORG,Withdrawn,2026-04-17,,,1H27
CAS-10728372-N5R1,ORG,Implemented,2026-03-23,2026-03-27,2026-04-19,1H27
CAS-11004139-D7W1,ORG,Pending BA Approval,2026-06-10,,,1H27
CAS-10970710-X6W7,ORG,Implemented,2026-03-23,2026-04-12,2026-04-21,1H27
CAS-10807687-Y0G6,ORG,Implemented,2026-02-20,2026-03-03,2026-03-06,1H27
CAS-10865103-X5S7,ORG,Implemented,2026-02-03,2026-02-28,2026-03-11,1H27
CAS-11093358-Z6U6,ORG,Submitted,2026-02-14,2026-03-06,,1H27
CAS-10988383-H2P0,ORG,Implemented,2026-06-17,2026-06-28,2026-07-14,1H27
CAS-10929933-W9P2,ORG,BA Approved,2026-05-19,2026-05-31,,1H27
CAS-10747873-Y3E6,ORG,Implemented,2026-02-28,2026-03-08,2026-03-20,1H27
CAS-10562467-K9S5,ORG,Implemented,2026-06-06,2026-06-24,2026-07-05,1H27
CAS-10807035-Q2Y3,ORG,Implemented,2026-03-13,2026-03-19,2026-04-03,1H27
CAS-10936570-N8W1,ORG,Pending BA Approval,2026-03-16,,,1H27
CAS-10667741-G0Q4,ORG,BA Approved,2026-04-18,2026-05-12,,1H27
CAS-10811707-X3E2,ORG,Implemented,2026-07-27,2026-08-05,2026-08-21,1H27
CAS-10565614-W9F5,ORG,Implemented,2026-02-04,2026-02-24,2026-03-18,1H27
CAS-11045898-B8X1,ORG,No Change,2026-04-23,,,1H27
CAS-11146747-D1E3,ORG,Implemented,2026-06-14,2026-06-29,2026-07-18,1H27
CAS-10564327-R4P7,ORG,Implemented,2026-04-25,2026-05-19,2026-06-11,1H27
CAS-11046875-W6U4,ORG,Submitted,2026-05-21,2026-06-13,,1H27
CAS-10621511-T1G3,ORG,Implemented,2026-04-23,2026-04-27,2026-05-19,1H27
CAS-10896687-C8M9,ORG,Implemented,2026-02-13,2026-03-04,2026-03-10,1H27
CAS-11141614-G2U2,ORG,Implemented,2026-05-01,2026-05-17,2026-05-25,1H27
CAS-11068896-N0Y3,ORG,Implemented,2026-06-18,2026-07-05,2026-07-17,1H27
CAS-10747175-N9G6,ORG,Implemented,2026-04-16,2026-04-19,2026-05-12,1H27
CAS-10608232-C7U6,ORG,Implemented,2026-02-20,2026-02-24,2026-03-26,1H27
CAS-11116240-J7Q8,ORG,Implemented,2026-05-04,2026-05-29,2026-06-01,1H27
CAS-10641102-V3U2,ORG,Implemented,2026-03-11,2026-03-26,2026-04-24,1H27
CAS-10575300-P4V6,ORG,Implemented,2026-05-03,2026-05-26,2026-06-07,1H27
CAS-10897589-N1R1,ORG,Implemented,2026-03-11,2026-03-31,2026-04-20,1H27
CAS-10651343-H4X2,ORG,Submitted,2026-02-09,2026-03-01,,1H27
CAS-10548789-B0D1,ORG,Implemented,2026-06-25,2026-07-12,2026-08-02,1H27
CAS-11059818-V5C3,ORG,Implemented,2026-06-17,2026-07-11,2026-07-24,1H27
CAS-10605603-W3V7,ORG,Implemented,2026-03-10,2026-03-27,2026-04-19,1H27
CAS-10754736-M8U9,ORG,Implemented,2026-02-02,2026-02-16,2026-03-05,1H27
CAS-10593042-J4C1,ORG,Pending BA Approval,2026-05-14,,,1H27
CAS-11068559-W7K4,ORG,Implemented,2026-07-02,2026-07-04,2026-07-30,1H27
CAS-10735669-S5Q0,ORG,BA Approved,2026-07-13,2026-07-16,,1H27
CAS-10837048-Z0U6,ORG,BA Approved,2026-07-20,2026-08-01,,1H27
CAS-11165843-E6J8,ORG,BA Approved,2026-07-22,2026-07-25,,1H27
CAS-10873765-W2G1,ST,Open,2026-04-18,,,1H27
CAS-10755377-Q3F4,ST,Implemented,2026-06-19,2026-07-04,2026-07-28,1H27
CAS-10504196-T5J0,ST,Open,2026-05-22,,,1H27
CAS-11000230-A0M6,ST,BA Approved,2026-04-07,2026-04-27,,1H27
CAS-11163987-J0F0,ST,BA Approved,2026-06-29,2026-07-18,,1H27
CAS-10889828-Z1U8,ST,Pending BA Approval,2026-05-29,,,1H27
CAS-11158372-J0M4,ST,Implemented,2026-05-14,2026-05-26,2026-06-14,1H27
CAS-11076339-W2K1,ST,Pending BA Approval,2026-04-17,,,1H27
CAS-10612314-D4Z3,ST,Implemented,2026-06-08,2026-06-26,2026-07-09,1H27
CAS-11166598-H6Q8,ST,Submitted,2026-06-20,2026-06-25,,1H27
CAS-10920578-R7F8,ST,Implemented,2026-03-03,2026-03-22,2026-04-15,1H27
CAS-10715281-P2E3,ST,Implemented,2026-03-22,2026-04-05,2026-04-29,1H27
CAS-10967867-X1Y6,ST,No Change,2026-04-25,,,1H27
CAS-10856400-X3J3,ST,Implemented,2026-05-25,2026-06-08,2026-06-20,1H27
CAS-10766776-G4P2,ST,Implemented,2026-02-24,2026-03-18,2026-03-24,1H27
CAS-10645627-Y1J2,ST,Implemented,2026-05-14,2026-05-22,2026-05-28,1H27
CAS-10891344-D1B1,ST,Pending BA Approval,2026-03-16,,,1H27
CAS-10963983-Q5Y5,ST,Implemented,2026-05-22,2026-06-16,2026-07-09,1H27
CAS-11197973-X8D9,ST,BA Approved,2026-03-30,2026-04-15,,1H27
CAS-11004282-D0P2,ST,BA Approved,2026-04-10,2026-04-15,,1H27
CAS-10731793-U2B4,ST,Implemented,2026-06-27,2026-07-19,2026-08-10,1H27
CAS-11131552-A1F2,ST,Implemented,2026-06-14,2026-06-24,2026-07-06,1H27
CAS-11187355-U9W7,ST,Implemented,2026-06-08,2026-06-17,2026-06-30,1H27
CAS-11068691-W2J6,ST,Implemented,2026-03-29,2026-03-31,2026-04-02,1H27
CAS-11169512-P9U8,ST,Withdrawn,2026-04-25,,,1H27
CAS-10607072-C9N9,ST,Implemented,2026-04-16,2026-04-18,2026-05-11,1H27
CAS-10714686-F3A6,ST,Implemented,2026-06-04,2026-06-15,2026-07-05,1H27
CAS-11096368-V9R4,ST,BA Approved,2026-05-24,2026-06-11,,1H27
CAS-11008288-M4F4,ST,Open,2026-07-30,,,1H27
CAS-10653994-X3K9,ST,Submitted,2026-03-29,2026-04-14,,1H27
CAS-10794745-J0D3,ST,Submitted,2026-05-17,2026-06-04,,1H27
CAS-10862201-S1Z9,ST,Implemented,2026-06-01,2026-06-11,2026-06-25,1H27
CAS-10650173-P5C0,ST,Implemented,2026-05-04,2026-05-19,2026-06-06,1H27
CAS-11166264-V4B0,ST,Pending BA Approval,2026-07-08,,,1H27
CAS-10998940-W0X9,ST,Implemented,2026-07-02,2026-07-21,2026-07-31,1H27
